{
  "measurements": {
    "mlx_prefill_loop": {
      "gpu_mw": 62054.88888888889,
      "ane_mw": 0.0,
      "cpu_mw": 2341.3888888888887,
      "n": 126
    },
    "mlx_decode": {
      "gpu_mw": 14169.5625,
      "ane_mw": 0.0,
      "cpu_mw": 2979.3125,
      "n": 16
    },
    "anelm_prefill": {
      "gpu_mw": 220.0108695652174,
      "ane_mw": 1584.8260869565217,
      "cpu_mw": 3765.054347826087,
      "n": 92
    },
    "anelm_hybrid_dec": {
      "gpu_mw": 12370.76923076923,
      "ane_mw": 0.0,
      "cpu_mw": 5847.576923076923,
      "n": 26
    },
    "anelm_pure": {
      "gpu_mw": 155.55963302752295,
      "ane_mw": 1421.8990825688074,
      "cpu_mw": 5471.697247706422,
      "n": 109
    }
  },
  "phases": {
    "mlx_prefill_loop": [
      1772764769.0914838,
      1772764784.133069
    ],
    "mlx_decode": [
      1772764787.202079,
      1772764789.455693
    ],
    "anelm_prefill": [
      1772764792.456886,
      1772764803.55172
    ],
    "anelm_hybrid_dec": [
      1772764817.857236,
      1772764820.05278
    ],
    "anelm_pure": [
      1772764823.057961,
      1772764836.965785
    ]
  }
}